Artifact#,Provenience,Length (mm),Width (mm),Weight (g),Thickness (mm),Bulb Thickness (mm),Material Type,Material Quality,Cortex,Platform,Term.,Comments
585,4-P-1,40.1,33.8,8.4,7.4,6.8,Chert,Bad,?50%,Flat,X,
586,4-P-1,22.1,16.2,1.6,3.8,3.8,Chert,Good,?505,x,Feathered,
587,4-P-1,36.8,24.8,9.3,11.7,10.1,Chert,Very Good,None,Flat ,x,Grey / black chert
588,4-P-1,32,16.5,24,4.6,4.1,Chert,Good,None,Flat,Feathered,
589,4-P-1,39.2,17.7,1.8,11,12.7,Chert,Very Bad,?50%,Flat,Unkown,
591,4-P-1,27.2,16.3,3.2,9.1,9.1,Chert,Intermediate,>50%,Cortical,x,Oxidized
592,4-P-1,19.6,17.6,1.5,6,5.1,Limestone,Good,?50%,X,X,Masonry
593,4-P-1,40,6.2,33.4,4.9,x,Limestone,Bad,?50%,x,x,Masonry
594,4-P-1,88.7,25.9,166.1,28.7,27.4,Limestone,Intermediate,x,Complex,x,"Masonry, poss chopper"
595,4-L-2,16.2,12.3,1.1,4.5,x,Chert,Intermediate,x,x,Feathered,
596,4-L-2,21.6,19,2.7,7.2,x,Cherrt,Bad,?50%,x,x,
597,4-L-2,37.2,32.6,17.9,12.4,x,Chert,Bad,?50%,x,Stepped?,
603,6-B-3,23.3,16.8,1.5,3,3.4,Chert,Good,x,Flat,Feathered,
604,6-B-3,62.2,45.4,28.4,8.9,10.5,Chert,Intermediate,x,Complex,x,Two bulbs of force
605,6-B-3,45.6,12.4,14.5,16.6,x,Chert,Bad,x,x,x,
606,6-B-3,35,17.6,25.1,19,x,Chert,Good,?50%,x,Flat,
607,6-B-3,33.8,27,11.8,16.5,12.3,Chert,Very Bad,x,Flat,x,
608,6-B-3,24.6,18.4,34,8.5,x,Chert,Bad,x,x,x,Broken on both ends
609,6-B-3,35.3,23.4,8.4,8.6,x,Chert,Very Bad,x,Flat,Feathered?,
610,6-B-3,35.4,19.9,8.1,11.6,x,Chert,Bad,x,Complex,x,
611,6-B-3,24.7,15.7,5.5,9.3,x,Chert,Intermediate,x,x,x,
612,6-B-3,30.2,24.6,5.7,7.4,x,Chert,Bad,x,x,x,
613,6-B-3,34,29.1,4.6,5.8,6.8,Chert,Intermediate,x,Flat,x,
614,6-B-3,25,11.2,5.6,14.2,x,Chert,Very Good,x,x,x,Rounded body on one side 
615,6-B-3,24,14.3,4.5,12.4,x,Chert,Very Bad,x,x,x,
616,6-B-3,41.4,23,6.4,7.2,X,Chert,Very Good,x,x,x,
617,6-B-3,24.2,10.8,0.6,2.1,x,Chert,Good,x,x,Feathered,
618,6-B-3,25.9,18.2,4.2,8.7,x,Chert,Intermediate,x,x,x,
619,6-B-3,26.9,22.4,5.6,9.5,10.3,Chert,Intermediate,x,Flat,x,
620,6-B-3,21.4,11.7,3.2,8.3,x,Chert,Very Good,x,x,x,
621,6-B-3,21.4,14.6,2.2,4.9,5.5,Chert,Good,x,Flat,Feathered,
622,6-B-3,18.4,10,1.8,9.4,x,Chert,Intermediate,x,x,x,
623,6-B-3,26.6,15.4,1.2,2,x,Chert,Intermediate,x,x,Hinged?,
624,6-B-3,18.8,14.1,1.8,6.6,5.8,Chert,Good,x,Flat,x,
625,6-B-3,27.4,22.6,2.2,2.9,3.1,Chert,Very Good,x,x,Hinged,Poss reworking
626,6-B-3,75.1,13.3,1.3,2.6,x,Chert,Intermediate,x,x,x,
627,6-B-3,22,17.5,1.5,4.2,x,Chert,Intermediate,x,x,Feathered,
628,6-B-3,21.2,17.6,1.6,4.3,5.9,Chert,Intermediate,x,Flat,x,
629,6-B-3,18.9,15.1,0.9,2.8,x,Chert,Very Good,x,x,Feathered ,Poss reworking
630,6-B-3,21.3,12.6,1.2,5,5.4,Chert ,Good,x,x,Feathered ,
631,6-B-3,17.5,13.4,1.3,3.3,3.8,Chert,Intermediate,x,Flat,x,
633,6-D-5,32.2,70.7,4.2,6.7,6.8,Limestone,Intermediate,x,Flat,Feathered,
634,6-D-5,17.8,11.7,1.4,5.4,4.5,Chert,Good,x,x,x,
635,4-F-3,22,16,7,3,3.5,Chert,Very Good,x,Flat,x,
638,6-B-4,32.2,24.1,5.8,9.3,9,Chert,Bad,?50%,Flat,Cortical,
639,6-B-4,34.1,19.9,5.3,7.7,x,Chert,Intermediate,x,x,x,
640,6-B-4,25.3,19.7,2.2,4.8,x,Chert,Good,x,x,x,
641,6-B-4,25.4,17.8,2.7,6.5,6.1,Chert,Good,x,Flat,Feathered,Sighns of rework
642,6-B-4,23.9,15.5,2.1,7.9,x,Chert,Intermediate,x,x,x,
643,6-B-4,28.8,15.2,3.2,6.1,x,Chert,Intermediate,x,x,Stepped,
644,6-B-4,19.1,16,1.4,4.1,x,Chert,Intermediate,x,x,x,
645,6-B-4,21.8,15.9,1.4,4.2,x,Chert,Bad,x,x,x,
646,6-B-4,22.9,16.4,1.1,2.3,2.3,Chert,Good,x,Flat,Feathered,
647,6-B-4,36,24,3.3,3.7,3.2,Chert,Intermediate,x,Flat,Feathered,
648,6-B-4,33.5,29.9,4.9,5.7,`5.3,Limestone,Intermediate,x,Flat,Feathered,Masonry Flake
649,6-B-4,30.6,18.3,2.6,4.5,5.8,Limestone,Intermediate,x,Flat,Feathered,Masonry Flake
650,6-B-4,20.9,19.3,2.2,5.8,6.3,Limestone,Bad,x,Flat,x,Masonry Flake
651,6-B-4,21.7,17.6,1.8,3.8,x,Limestone,Intermediate,x,x,x,Masonry Flake
652,6-B-4,20.1,21.2,1.3,4.4,4.5,Limestone,Intermediate,x,Flat,x,Masonry Flake
654,4-B-4,25.1,6.8,0.6,2.9,x,Limestone,Intermediate,x,Flat,Stepped,
657,4-F-3,30.8,19.5,3.4,5.4,5.7,Chert,Bad ,x,Flat,Hinged,
658,4-F-3,19.3,13.4,1.2,3.3,3.8,Chert,Bad,x,x,x,
660,6-B-2,25.3,18.7,3.8,5.6,x,Chert,Intermediate,x,x,Overshot?,
661,6-B-2,33.6,18.1,3.4,6.5,7.1,Chert,Good,x,Complex,Feathered,Pressure flaked 
662,6-B-2,25.7,12.2,0.9,2.3,x,Chert,Intermediate,x,x,Hinged / Feathered,Pressure flakes on curve
663,6-B-2,29.5,21.8,2.7,3.5,4.1,Chert,Intermediate,x,x,x,
664,6-B-2,20.4,20.2,1.4,5.3,x,Chert,Good,x,x,x,
665,6-B-2,22.6,10.4,1.5,7.3,x,Chert,Bad,x,x,x,
666,6-B-2,22.9,17.1,3.1,8.3,6.8,Chert,Very Good ,x,Flat,Feathered,
672,6-A-2,24.5,19.5,4.2,10.8,x,Chert,Very Good,x,x,x,
673,6-A-2,22.1,22.4,3.6,7.3,7.2,Chert,Intermediate,x,Flat,x,
674,6-A-2,27,19.9,3.5,5.6,x,Chert,Intermediate,x,x,x,
675,6-A-2,24.6,22.1,2.8,6.8,x,Chert,Very Good,x,x,Stepped,Broken off poss tool
676,6-A-2,17.6,14.3,0.6,2.3,x,Chert,Good,x,x,x,
677,6-A-2,31.6,20.3,2.7,4.1,x,Limestone,Bad,x,x,x,Masonry Flake
681,6-A-2,18.5,11.7,1.6,7.4,x,Chert,Bad,x,x,x,
682,6-A-3,30.7,19.5,3.7,5,6,Chert,Good,x,Complex,Feathered,
683,6-A-3,24,21.1,2.5,6,6.6,Chert,Bad,x,Flat,Feathered,
684,6-A-3,15.5,9,1.2,5.5,x,Chert,Very Good,x,x,x,
685,6-A-3,25.4,18.1,2.4,6.1,5.8,Chert,Good,x,Complex,Feathered,Poss flaking
686,6-A-3,20.8,13.9,2.5,1.5,4.1,Chert,Good,x,Flat,Hinged,
687,6-A-3,18.6,11.2,4.5,1.2,4.6,Chert,Very Good,x,Flat,Feathered,
691,6-A-3,33.8,21.9,5.4,9.4,9.2,Chert,Very Good,x,x,Feathered? ,
693,6-D-2,41,23,10.7,11,x,Chert,Intermediate,<50%,x,Feathered,
694,6-D-2,24,14,0.5,2,2,Chert,Very Good,x,x,Feathered,
695,6-D-2,31,29,1.2,9.5,x,Chert,Very Bad,<50%,x,x,
696,6-C-2,14,12,0.3,2,x,Chert,Very Good,x,x,x,
699,4-G-3,37.3,22,7.2,6.1,x,Chert,Very Bad,x,x,x,
700,4-G-3,34.7,17.3,6,10.6,9.5,Chert,Good,x,x,x,
701,4-G-3,24.2,17.9,3.9,2.2,x,Chert,Intermediate,<50%,x,x,
708,6-A-1,46.9,17.8,11.9,13.2,x,Chert,Intermediate,x,x,x,
709,6-A-1,24.6,15.7,9.1,2.6,x,Chert,Very Bad,x,x,x,
710,6-A-1,21.6,16.2,3.4,1.4,x,Chert,Intermediate,x,x,Poss Feathering,
711,6-A-1,16.8,13.9,4.7,0.8,4.7,Chert,Very Good,x,Flat,Feathering,
712,6-A-1,17.1,8.6,4.8,0.7,x,Chert,Intermediate,x,x,x,
713,6-A-1,17,10.1,3.6,0.8,3.6,Chert,Intermediate,x,Flat,Feathering,
714,6-A-1,14,7.8,2.8,0.3,2.8,Chert,Intermediate,x,Flat,Feathering,
717,4-M-1,32.1,25.1,4.6,4.9,7.5,Chert,Good,x,Flat,Feathering,
718,4-M-1,22,12,0.6,1.5,x,Chert,Intermediate,x,x,Feathering,
720,4-L-1,32,30,4.8,7,4.1,Chert,Intermediate,<50%,Flat,Feathering,
721,4-L-1,29,22,8.5,12,x,Chert,Intermediate,x,x,x,
722,4-L-1,28,21,3.1,5,x,Chert,Bad,x,x,x,
723,4-L-1,24,20,0.9,3,3.1,x,x,x,Flat,x,
724,4-O-2,70,49,18,33.7,17.1,Chert,Good,x,Flat,Stepped or Feathered,
725,4-O-2,31.5,20.2,39,6,5,Chert,Good,x,Flat,Feathered,
726,4-O-2,37,18,4,8,7.9,Chert,Intermediate,x,Abradded,Feathered,
727,4-O-2,44,39,22.2,11,x,Chert,Intermediate,x,x,x,
728,4-O-2,33,26,4.4,7,x,Chert,Good,<50%,x,x,
729,4-O-2,30.5,9.8,0.7,1.8,2.5,Chert,Good,x,Complex,Feathered,Curved flake
730,4-O-2,24,17.8,2,4,x,Limestone,Intermediate,x,x,x,Masonry
731,4-O-2,26,18,0.9,3,2.4,Chert,Good,x,Flat,Feathered,Poss impact scar & flaking
736,4-O-2,44,18.9,3.4,3.8,3.1,Chert,Good,x,x,Hinged,
737,4-D-4,63.2,30.4,18.1,7.9,x,Limestone,Intermediate,x,Flat,x,Masonry
738,4-D-4,18.5,14.8,1.3,4.1,x,Limestone,Intermediate,x,x,x,Masonry
742,4-N-1,28.8,14.4,2.2,5.1,5.1,Chert,Good,x,Complex,Featherd,
743,4-N-2,22.4,34.5,35.5,17.2,x,Chert,Good,x,Flat,x,Really dark chert almost black 
751,4-O-2,33.8,23.5,3.8,4.7,x,`Chert,Very Good,x,x,Feathered ,Refit
752,4-O-2,30.3,20,4,5.5,5.8,Chert,Very Good,x,Complex,Feathered,Refit
753,4-O-2,18.5,13.7,1.2,4.3,x,Chert,Intermediate,x,x,x,
755,4-K-2,30.1,17.5,9.2,10.1,X,Limestone,Intermediate,x,x,x,Masonry Flake
756,4-K-2,64.4,25.7,17.8,11.7,10.5,Chert,Good,x,Flat,Overshot,
757,4-K-2,32.4,24,5,8.3,6,Chert,Intermediate,x,Flat,x,
760,4-G-4,24.3,15.1,1.3,2.6,x,Chert,Good,x,x,Feathered,
761,4-G-4,25,24,7.7,11,x,Chert,Very Good,x,x,x,
762,4-G-3,39.7,23.3,18.6,16.6,x,Chert,Bad,x,x,x,
763,4-G-3,39,33,9.6,16.6,8,Chert,Bad,x,Flat,x,
764,4-G-3,40.2,11.5,4.9,11.9,x,Chert,Very Good,<50%,x,x,
765,4-G-3,31.1,18.4,3.7,17.9,x,Chert,Intermediate,x,x,x,
766,4-G-3,18,13.4,1.2,3,x,Chert,Intermediate,x,x,x,
767,4-G-3,34.4,26.3,5.8,8.3,8.8,Chert,Intermediate,x,x,Feathered,
768,4-G-3,20.7,13.2,1.2,4.3,4.7,Chert,Good,x,Flat,Feathered,
769,4-G-3,21,10,1.1,3.9,x,x,Intermediate,x,x,Feathered,
770,4-G-3,15.4,12.7,0.5,2.2,3,Chert,Very Good,x,Complex,Feathered,
771,4-G-3,41.4,34.2,29.6,16.9,x,Chert,Good,<50%,x,x,
772,4-G-3,26.1,19.5,3.3,5.1,x,Limestone,Intermediate,x,x,x,Masonry 
773,4-G-3,28.6,19.4,3.2,7.6,x,Limestone,Good,x,x,x,Masonry
774,4-G-3,25,21.1,3,6.1,x,Limestone,Good,x,x,x,Masonry
775,4-G-3,21.2,13,1.4,5.3,x,Limestone,Good,x,x,x,Masonry
776,4-G-3,18.5,19.3,2.3,6.8,x,Limestone,Intermediate,x,x,Feathered,Masonry
777,4-G-3,25.3,20.4,2.4,7.2,x,Limestone,Intermediate,x,x,x,Masonry
778,4-G-3,57,37.6,28.5,13.2,x,Limestone,Bad,x,x,x,Masonry
779,4-G-3,57.2,47.3,41.8,14.5,15.4,Limestone,Intermediate,x,Flat,Feathered,Masonry
780,4-G-3,51.3,45.1,31.4,14,15.2,Chert,Good,<50%,Flat,Feathered,Utalized
786,4-J-5,14.6,9.7,0.5,2.7,x,Chert,Very Good,x,x,Feathered,
787,4-J-6,29.5,25.4,4.6,5.2,6.2,Chert,Very Good,x,Flat,Feathered,Very nice flake
788,4-J-6,21.8,16.3,1,2.6,x,Chert,Very Good,x,x,Feathered,
790,4-K-1,34.6,21.2,8.3,8,x,Chert,Bad,x,x,x,
791,4-K-1,23.2,27.9,2.6,3.9,4.7,Chert,Good,x,Flat,Hinged,
792,4-K-1,23.1,13.4,2.6,9.8,x,Chert,Very Good,x,x,x,
793,4-K-1,21.1,13.6,1,2.3,x,Chert,Good,x,x,x,
794,4-K-1,20.9,10,0.6,2.9,3.1,Chert,Good,x,Complex,Feathered,
795,4-K-1,15.8,13.2,0.8,4.1,4.1,Chert,Very Good,?50%,Cortical,x,
796,4-K-1,28.7,29,14.5,30.8,9.2,Limestone,Intermediate,x,x,x,Masonry
801,4-K-3,22.6,17.7,2,4.3,4.1,Chert,Good,?50%,Flat ,Feathered,
802,4-K-3,54,32.2,25,15.6,x,Chert,Intermediate,x,x,Feathered,
805,4-J-4,14.5,10.9,1.4,6.3,x,Chert,Good,x,x,x,
807,4-I-1,29.7,21.4,3.8,5.4,5.6,Limestone,Good,x,Flat,Feathered,Masonry 2012
808,4-I-1,51.4,34,28.7,13.9,x,Chert,Intermediate,x,x,x,2012
813,2-A-4,24.7,18.2,2.4,3.5,3.5,Chert,Very Good,x,x,x,Reanalayzed JB
814,2-A-4,18.5,15.3,7.1,2.5,x,Chert,Good,x,x,x,Reanalayzed JB
815,2-A-4,44.4,27.8,10.5,12.2,7.4,Chert,Intermediate,x,x,Feathered,Reanalayzed JB
816,2-A-4,27.6,15,6.3,4.4,x,Chert,Intermediate,x,x,x,Reanalayzed JB
817,2-A-4,23,15.7,4.6,2.4,x,Chert,Intermediate,x,x,Feathered,Reanalayzed JB
818,2-A-4,35,23.1,10.3,8.7,9.8,Chert,Very Good,x,Flat,x,Reanalayzed JB
819,2-A-4,13.6,5.8,5,33.4,7.1,Chert,Good,x,x,Feathered,Reanalayzed JB
820,2-A-4,38.2,36.6,11.1,16.9,10.1,Chert,Good,<50%,Flat,x,Reanalayzed JB
821,2-A-4,30.2,27.6,2.5,3,2.8,Chert,Intermediate,x,x,x,"Reanalayzed JB, poss flaking on edges"
822,2-A-4,32.4,13.2,4.4,2.3,x,Chert,Bad,x,x,x,Reanalayzed JB
823,2-A-4,44.5,14.3,6.9,6.3,x,Chert,Very Good,x,x,x,Reanalayzed JB
824,2-A-4,36.8,18.8,5.9,4.8,5.9,Chert,Good,x,x,x,Reanalayzed JB
825,2-A-4,24.2,15.6,4.1,2.3,4.6,Chert,Intermediate,x,x,x,Reanalayzed JB
826,2-A-4,29.8,13.9,6,2.8,x,Chert,Intermediate,x,x,Feathered,Reanalayzed JB
827,2-A-4,31.4,15.6,6.7,4.8,x,Chert,Good,x,x,x,Reanalayzed JB
828,2-A-4,21.4,21.3,5,2.9,4.5,Chert,Very Good,<50%,Cortical,x,Reanalayzed JB
829,2-A-4,26,14.9,3.6,1.8,x,Chert,Intermediate,x,x,Feathered,Reanalayzed JB
830,2-A-4,25.8,15.4,4.5,2.1,4.3,Chert,Intermediate,x,x,x,Reanalayzed JB
831,2-A-4,22.5,15.3,4,2,5.1,Chert,Intermediate,x,x,Feathered,Reanalayzed JB
832,2-A-4,17.6,10.9,3.2,0.5,3.6,Chert,Good,x,Flat,Feathered,Reanalayzed JB
833,2-A-4,21.7,13.7,3,1.2,3.1,Chert,Intermediate,x,Flat,Feathered,Reanalayzed JB
834,2-A-4,23.8,15.9,3.2,1.3,x,Chert,Good,x,x,x,Reanalayzed JB
863,4-R-1,28.3,18.1,5.8,3.7,6.8,Chert,Good,x,Flat,Feathered ,
864,4-R-1,17.2,10,3,0.5,3,Chert,Very Good,x,Flat,x,
864,4-R-1,32,23.6,4,2.7,3.9,Chert,Very Good,x,x,x,
879,1-B-7,33.5,28.9,6.1,7.5,6.4,Chert,Good,x,x,Feathered,"Reanalayzed JB, # 382 & 327-381"
880,1-B-7,41.2,28.1,5.6,9,8,Chert,Intermediate,x,Flat,Overshot?,Reanalayzed JB
881,1-B-7,69.2,30.6,44.7,22,x,Chert,Bad,?50%,Flat,Overshot,Reanalayzed JB
882,1-B-7,36.7,19.8,6.5,6.8,9.8,Chert,Bad,<50%,Cortical,Stepped,Reanalayzed JB
883,1-B-7,29.8,22.5,5.3,3.6,5.1,Chert,Very Good,<50%,Cortical,x,Reanalayzed JB
884,4-P-1,48.6,21.2,12,12.4,x,Chert,Very Bad,x,x,x,
885,4-P-1,32.8,27.1,6.7,7,7.6,Chert,Very Good,<50%,Complex,Feathered,
886,4-P-1,40.4,32.7,12.3,10.1,9.7,Chert,Intermediate,<50%,Flat ,Feathered,
898,4-S-1,33.6,28,8.8,9.3,9.4,Chert,Good,x,Complex,Feathered,
899,4-S-1,57.2,33.8,20.2,12.6,12.5,Limestone,Bad,x,Flat,Feathered,Masonry
900,4-S-1,26.6,18.4,30.2,6.4,4.8,Limestone,Intermediate,x,Flat,Feathered,Masonry
901,4-S-1,37.5,27,5.3,5.2,6.2,Limestone,Bad,x,Flat,Feathered,Masonry
902,4-S-1,36.3,18.5,3.5,4.2,x,Limestone,Intermediate,x,x,Stepped,Masonry
903,4-S-1,28.7,23.7,3.8,6.8,6.3,Limestone,Intermediate,x,Flat,Feathered,Masonry
909,1-A-7,41.3,56.4,24.4,14.8,17.4,Chert,Intermediate,<50%,Cortical,Feathered,Reanalayzed JB
910,1-A-7,52.4,33.1,16.3,10,9.3,Chert,Bad,x,Complex,x,Reanalayzed JB
911,1-A-7,38.3,28.5,13.7,10.9,10,Chert,Very,<50%,Cortical,x,Reanalayzed JB
912,1-A-7,45.3,16.5,4.8,7.3,x,Chert,Bad,x,x,Feathered,Reanalayzed JB
913,1-A-7,38.4,26.7,5.9,8.3,6.4,Chert,Good,x,x,x,Reanalayzed JB
914,1-A-7,28.2,26.8,14.5,7.5,x,Chert,Very Good,x,x,x,Reanalayzed JB
915,1-A-7,30.5,26.3,6.3,4.2,x,Chert,Intermediate,x,x,Feathered,Reanalayzed JB
916,1-A-7,17.8,29.5,5.4,3.4,x,Chert,Very Nice,x,x,x,Reanalayzed JB
917,1-A-7,28.5,27.7,5.9,5.7,7.2,Chert,Very Good,x,Flat,Feathered,Reanalayzed JB
918,1-A-7,28.7,22.3,4.9,4.7,7.1,Chert,Very Good,x,Flat,Feathered,Reanalayzed JB
919,1-A-7,35.3,18.2,4.5,8.5,x,Chert,Intermediate,x,x,x,Reanalayzed JB
920,1-A-7,17.8,14.8,1.1,2.6,`3.4,Chert,Intermediate,x,x,Stepped,Reanalayzed JB
932,4-R-2,45,`32.8,17.6,14.1,14.1,Chert,Intermediate,x,Flat,x,
933,4-R-2,31.9,21.3,4.4,7.3,7.3,Chert,Very Good,x,Complex,Feathered,
934,4-R-2,31.7,23.2,2.4,4.3,2.8,Chert,Good,x,Flat,Feathered,
935,4-R-2,23.6,16.2,1.8,3.9,2.9,Chert,Very Good,x,Flat,Feathered,
936,4-R-2,29.3,16.4,1.1,2.7,3.4,Chert,Intermediate,x,Flat,Feathered,
937,4-R-2,20.9,9.3,0.8,2.7,x,Chert,Good,x,x,Feathered,
938,4-R-2,17.2,15.7,1.3,3.1,3.5,Chert,Very Good,x,x,x,
939,4-R-2,21.6,13.4,0.9,2.2,2.5,Chert,Bad,x,Flat,Feathered,
950,4-R-2,19.3,9.2,1,5.9,5.6,Chert,Very Good,x,Flat,x,
951,2-A-2,30,26.2,3.8,4.7,6.2,Chert,Good,x,Flat,Feathered,Reanalyzed JB
959,2-A-5,24.5,17,3,5.1,x,Chert,Intermediate,x,x,Feathered,Reanalyzed JB
960,2-A-5,31.3,19.1,3.4,4.9,7.1,Chert,Good,x,Flat,Feathered,Reanalyzed JB
961,2-A-5,19,25.7,1.5,3.7,4.3,Chert,Very Good,x,Flat,x,Reanalyzed JB
962,2-A-5,25.3,24.5,4.6,6.8,6.5,Chert,Intermediate,x,Flat,Hinged,Reanalyzed JB
963,2-A-5,30,2.3,8.3,4.4,x,Chert,Good,x,x,Feathered,Reanalyzed JB
964,2-A-5,15.3,16.4,0.8,3.1,x,Chert,Intermediate,x,x,x,Reanalyzed JB
965,2-A-5,12.9,22,1.2,3.2,x,Chert,Good,x,x,x,Reanalyzed JB
966,2-A-5,23.1,12.6,1.1,3.4,x,Chert,Good,x,x,x,Reanalyzed JB
967,2-A-5,25.8,12,2.9,7.3,x,Chert,Intermediate,x,x,x,Reanalyzed JB
968,2-A-5,32.6,14.5,2.7,4.1,x,`Chert,Intermediate,x,x,x,Reanalyzed JB
969,2-A-5,32.9,11.7,2.7,5.6,x,Chert,Bad ,x,x,x,Reanalyzed JB
970,2-A-5,30.5,13.6,3,4.9,x,Chert,Good,x,x,Feathered,"Reanalyzed Jb, sides worked"
971,2-A-5,28.1,17.7,3,6.4,x,Chert,Good,x,Flat,Feathered,"Reanalyzed Jb, sides worked"
972,2-A-5 ,26.9,18.6,2,3.2,x,Chert,Intermediate,x,Flat,Feathered,Reanalyzed JB
973,2-A-5,16.8,13.1,0.7,2.6,x,Chert,Good,x,x,Feathered,Reanalyzed JB
974,2-A-5,11.2,11.8,0.6,2.9,x,Chert,Bad,x,x,x,Reanalyzed JB
975,2-A-5,11.3,11.1,0.3,2,0.4,Chert,Bad,x,Flat,Feathered,Reanalyzed JB
988,2-A-3,15.1,20.2,2.4,6.7,6.8,Chert,Very Good,x,x,x,Reanalyzed JB
989,2-A-3,20.9,16.4,2.2,5,6.8,Chert,Bad,x,Flat,Feathered,Reanalyzed JB
990,2-A-3,19.1,15.6,0.9,3.5,3.9,Chert,Good,x,x,Feathered,Reanalyzed JB
991,2-A-3,15.5,25.7,1.7,4.3,5.2,Chert,Good,x,x,Feathered,Reanalyzed JB
992,2-A-3,14,16.5,0.9,2.3,3.8,Chert,Good,x,x,Feathered,Reanalyzed JB
993,2-A-3,29.5,15.7,0.1,3,x,Chert,Intermediate,x,x,Feathered,Reanalyzed JB
994,2-A-3,9,10.8,0.3,2,3,Chert,Very Good,x,Flat ,Feathered,Reanalyzed JB
995,2-A-3,13.6,17.5,0.5,2.5,3,Chert,Very Good,x,Flat,Feathered,Reanalyzed JB
996,2-A-3,38.5,34.7,11.7,17.5,12.2,Chert,Good,<50%,Flat,x,Reanalyzed JB
997,2-A-3,34.1,16.7,5.9,9.1,9.2,Chert,Intermediate,<50%,x,x,Reanalyzed JB
998,2-A-3,25,34.6,6.9,11.9,10.4,Chert,Very Good,<50%,Complex,x,Reanalyzed JB
999,2-A-3,34.8,14.6,4,5.5,6.4,Chert,Intermediate,x,x,Stepped,Reanalyzed JB
1000,2-A-3,32.2,16.9,4.6,8.9,x,Chert,Good,x,x,x,Reanalyzed JB
1001,2-A-3,39.5,13.4,4.5,6.5,x,Chert,Intermediate,x,x,Feathered,"Reanlyzed JB, poss reworking"
1002,2-A-3,33.8,15.4,2.8,5.1,x,Chert,Intermediate,x,x,x,Reanalyzed JB
1003,2-A-3,29.3,11.8,3,6.3,x,Chert,Good,x,x,x,Reanalyzed JB
1004,2-A-3,28.3,12.1,3,5.9,x,Chert,Intermediate,x,x,x,Reanalyzed JB
1005,2-A-3,26.1,13.9,1.2,4.6,x,Chert,Very Good,<50%,x,x,Reanalyzed JB
1006,2-A-3,20.4,30.1,3.4,5.9,x,Chert,Intermediate,x,x,Feathered,"Reanlyzed JB, poss reworking"
1007,2-A-3,29.5,13.5,3.5,2.1,x,Chert,Intermediate,x,x,x,Reanalyzed JB
1008,2-A-3,33.4,14.9,3.7,6.5,4.6,Chert,Very Good,x,Flat,x,"Reanlyzed JB, poss reworking"
1009,2-A-3,10.1,22.1,1.1,3.6,x,Chert,Intermediate,x,x,Feathered,Reanalyzed JB
1010,2-A-3,22.6,12.5,2.1,5.7,x,Chert,Intermediate,x,x,x,Reanalyzed JB
1011,2-A-3,22.6,12.1,1.4,4.1,x,Chert,Intermediate,x,x,x,Reanalyzed JB
1012,2-A-3,27.7,15,1.8,3.6,x,Chert,Good,x,x,Feathered,Reanalyzed JB
1013,2-A-3,30.5,11.8,2.8,6.1,x,Chert,Good,x,x,Feathered,Reanalyzed JB
1014,2-A-3,28.5,16.6,2.5,5.4,x,Chert,Good,x,x,x,Reanalyzed JB
1015,2-A-3,30.5,15.9,3.8,5.8,x,Chert,Intermediate,x,x,x,Reanalyzed JB
1016,2-A-3,29.6,14.4,2.3,4.7,x,Chert,Very Good,x,x,x,Reanalyzed JB
1017,2-A-3,32.8,11.8,3.2,6.2,x,Chert,Good,x,x,x,Reanalyzed JB
1018,2-A-3,32,15.8,3.6,6,x,Chert,good,x,x,Feathered,Reanalyzed JB
1019,2-A-3,36.8,15.8,5,5.4,x,Chert,Intermediate,x,x,x,Reanalyzed JB
1020,2-A-3,27.2,15.8,2.3,3.8,x,Chert,Intermediate,x,x,x,Poss tool
1021,2-A-3,37.5,15.1,4.2,15,x,Chert,Intermediate,x,x,x,Reanalyzed JB
1022,2-A-3,29.9,12.1,3.3,5.5,x,Chert,Intermediate,x,x,x,Reanalyzed JB
1023,2-A-3,33.5,15.8,5.2,8.2,x,Chert ,Good,x,x,x,Reanalyzed JB
1024,2-A-3,30.4,12.7,3.3,6.5,x,Chert,Good,x,x,x,Reanalyzed JB
1025,2-A-3,26,11.5,1.3,3.9,x,Chert,Intermediate,x,x,x,Reanalyzed JB
1026,2-A-3,28,12.7,2.3,4.7,x,Chert,Good,x,x,x,"Reanalyzed, poss reworking"
1027,2-A-3,24.4,11.8,2,4.7,x,Chert,Intermediate,x,x,x,Reanalyzed JB
1028,2-A-3,33.5,15.2,3.4,4.9,x,Chert,Intermediate,x,x,x,Reanalyzed JB
1029,2-A-3,30.3,12.8,2.4,4.9,x,Chert,Intermediate,x,x,x,Reanalyzed JB
1030,2-A-3,32.7,9.9,2.5,7.4,x,Chert,Intermediate,x,x,x,Reanalyzed JB
1031,2-A-3,24.7,12.8,2.2,4.9,x,Chert,Good,x,Flat,x,Reanalyzed JB
1032,2-A-3,26.1,10.6,1.8,4.1,x,Chert,Good,<50%,x,x,Reanalyzed JB
1033,2-A-3,22.7,10.3,1.2,3.9,x,Chert,Good,x,Flat,x,Reanalyzed JB
1034,2-A-3,26.2,10.3,1.8,5.7,x,Chert,Intermediate,x,x,x,Reanalyzed JB
1035,2-A-3,24.9,12.2,1.6,4.4,x,Chert,Good,<50%,x,x,Reanalyzed JB
1036,2-A-3,23.3,9.3,2.2,5.5,x,Chert,Good,x,x,x,Reanalyzed JB
1037,2-A-3,25.8,15.6,1.8,3.4,2.5,Chert,Good,x,x,x,Reanalyzed JB
1038,2-A-3,30.6,16.8,1.5,2.9,3.1,Chert,Good,x,x,x,Reanalyzed JB
1039,2-A-3,25.3,32,4.8,7.4,6.9,Chert,Good,x,Flat,Feathered,Reanalyzed JB
1040,2-A-3,29.2,14.6,3.1,6.6,x,Chert,Good,x,x,Feathered,Reanalyzed JB
1041,2-A-3,27.4,11.7,0.9,3.1,x,Chert,Very Good,x,x,Feathered,Reanalyzed JB
1042,2-A-3,33.8,17.3,2.5,6.2,3,Chert,Bad,<50%,x,x,Reanalyzed JB
1043,2-A-3,27.1,13.2,2.3,5.2,x,Chert,Very Bad,x,x,x,Reanalyzed JB
1044,2-A-3,30.6,17.3,1.7,2.9,2.9,Chert,Bad,x,x,x,Reanalyzed JB
1045,2-A-3,24.6,1.8,1.4,4.6,3.7,Chert,Intermediate,x,Flat,x,Reanalyzed JB
1046,2-A-3,32.8,12.5,3.5,6.3,5.8,Chert,Intermediate,<50%,x,x,Reanalyzed JB
1047,2-A-3,23.2,25.2,2.1,3.5,4.8,Chert,Good,x,Flat,Feathered,Reanalyzed JB
1048,2-A-3,26.2,16.5,3.5,6.6,5.8,Chert,Good,x,x,x,Reanalyzed JB
1049,2-A-3,19.9,24,2.4,4.8,4.9,Chert,Good,x,x,Stepped,Reanalyzed JB
1050,2-A-3,26.4,13,2.6,5.1,x,Chert,Intermediate,x,x,x,Reanalyzed JB
1051,2-A-3,18.5,24.4,2.5,4.5,4.8,Chert,Bad,x,x,Stepped,Reanalyzed JB
1052,2-A-3,23.2,14.4,2.2,8,8.2,Chert,Good,<50%,Flat,Feathered,Reanalyzed JB
1053,2-A-3,21,17.7,1.3,3.4,7,Chert,Good,x,x,Feathered,Reanalyzed JB
1054,2-A-3,24.3,12.6,1.1,3.4,x,Chert,Good,x,x,Feathered,Reanalyzed JB
1055,2-A-3,19.6,18.8,1.1,3.3,3,Chert,Very Good,x,x,Stepped,Reanalyzed JB
1056,2-A-3,24,21.8,1.3,3.5,x,Chert,Very Bad,x,x,x,Reanalyzed JB
1057,4-J-2,48.2,32,23.9,17.7,12.9,Limestone,Good,<50%,Flat,x,"Reanalyzed JB, Masonry Flake"
1067,4-G-2,32.6,31.9,7.9,6.2,6.2,Chert,Very Bad,<50%,x,x,Reanalyzed JB
1068,4-G-2,35.8,29.4,7.7,7.4,6.5,Chert,Intermediate,x,Complex,Feathered,Reanalyzed JB
1069,4-G-2,38.5,33.9,11.7,33.9,7.8,Chert,Good,<50%,x,x,Reanalyzed JB
1070,4-G-2,30.5,27.9,4.2,6.8,6,Chert,Intermediate,x,x,x,Reanalyzed JB
1074,3-A-1,16,10.5,0.6,4.3,4.3,Chert,Good,x,Flat,Feathered,Reanalyzed JB
1075,3-A-1,38.9,6.2,8.8,5.6,7.6,Chert,Intermediate,<50%,x,x,Reanalyzed JB
1076,3-A-1,27.3,22.9,6.4,4.2,x,Limestone,Bad,x,x,x,"Reanalysed JB, masonry Flake "
1077,2-B-1,28,15.7,3.6,5.5,x,Chert,Intermediate,x,x,x,Reanalyzed JB
1078,2-B-1,16.7,10.7,0.9,4.5,4.4,Chert,Good,x,Flat,x,Reanalyzed JB
1079,2-B-1,2.7,9.5,1.3,4.5,x,Chert,Good,x,x,x,Reanalyzed JB
1080,2-B-1,26.4,9.5,1.7,5.1,x,Chert,Intermediate,x,x,x,Reanalyzed JB
1081,2-B-1,19,12.6,0.9,3.6,4.9,Chert,Good,x,Complex?,Feathered,Reanalyzed JB
1082,1-B-9,43.7,21.8,6.1,5.2,7.5,Chert,Very Good,<50%,Flat,Stepped,Reanalyzed JB
1083,1-B-9,16.9,23.8,2,4,4.7,Chert,Bad,x,Complex,Feathered,Reanalyzed JB
1084,1-B-9,44.4,31.4,15.3,11.8,11.3,Chert,Intermediate,<50%,Flat,Feathered,Reanalyzed JB
1085,1-B-9,11.6,18,0.6,2.8,3,Chert,Intermediate,<50%,Flat,Feathered,Reanalyzed JB
1086,1-B-9,19.3,16.8,1.1,3,3.5,Chert,Very Good,x,Flat,Feathered,Reanalyzed JB
1087,1-B-9,36.3,25.6,6.3,5.5,5.7,Chert,Good,x,Flat,Feathered,Reanalyzed JB
1088,1-B-9,27.5,18.2,3,4.7,3,Chert,Good,x,Flat,Stepped,Reanalyzed JB
1093,1-B-2,17.8,27.4,3.1,5.7,7.4,Chert,Intermediate,x,Flat,Feathered,Reanalyzed JB
1094,1-B-2,36.2,19.3,6.8,5.7,x,Chert,Intermediate,x,x,x,Reanalyzed JB
1095,1-B-2,15.1,20.1,1.4,5.9,5.3,Chert,Bad,x,Flat,Feathered,Reanalyzed JB
1096,1-B-4,41.6,30,18.1,10.8,15,Chert,Intermediate,x,Complex ,Stepped,Reanalyzed JB
1097,1-B-4,10.4,9.1,0.4,2.6,x,Chert,Intermediate,x,x,Feathered,Reanalyzed JB
234,1-B-5,37.9,20.9,4.9,3.9,5.7,Chert,Intermediate,<50%,Flat,Feathered,Reanalyzed JB
238,1-B-5,32.4,19.3,3.7,7.8,x,Chert,Good,x,x,x,Reanalyzed JB
239,1-B-5,22.7,15.9,2.2,7.3,7.5,Chert,Good,x,Complex,Feathered,Reanalyzed JB
240,1-B-5,29,14.1,1.5,2,2.5,Chert,Good,x,Complex,x,Reanalyzed JB
241,1-B-5,17.6,20.5,2.2,5.2,x,Chert,Good,x,x,Feathered,Reanalyzed JB
242,1-B-5,23.8,19.8,2.8,5.4,x,Chert,Very Good,x,x,Feathered,Reanalyzed JB
1098,1-B-2,37.8,76.2,37.8,16.1,11.6,Chert,Good,<50%,Flat,Feathered,Reanalyzed JB
1099,1-B-2,30,15.3,3.5,7.3,x,Chert,Very Good,x,x,Feathered,Reanalyzed JB
1100,1-B-2,23.2,22.2,3.1,6.3,5.5,Chert,Very Good,x,Complex,x,Reanalyzed JB
1108,2-A-1,38.4,39,10.5,8.1,8.7,Chert,Good,x,Complex,Feathered,Reanalyzed JB
1109,2-A-1,28.9,27,7.2,6.5,6.9,Chert,Intermediate,x,Flat,x,Reanalyzed JB
1110,2-A-1,49,25.8,7.4,8.7,5.7,Chert,Very Good,<50%,Flat ,x,Reanalyzed JB
1111,2-A-1,24,16.7,3.1,7.5,8.8,Chert,Intermediate,x,Flat,x,Reanalyzed JB
1112,2-A-1,26.1,20.2,1.4,2.5,x,Chert,Very Good,x,x,Feathered,Reanalyzed JB
1113,2-A-1,26.1,18.5,3.9,5.7,8.4,Chert,Very Good,x,Flat,Feathered,Reanalyzed JB
1114,2-A-1,26.9,25.2,3.5,4.5,4,Chert,Very Good,x,Flat,x,Reanalyzed JB
1115,2-A-1,26.8,10.8,2,4,x,Chert,Bad,x,x,x,Reanalyzed JB
1116,2-A-1,21.6,16.1,1.9,7.3,x,Chert,Intermediate,x,x,Feathered,Reanalyzed JB
1117,2-A-1,29.8,16.2,2.4,4.3,3.3,Chert,Intermediate,x,Flat,x,Reanalyzed JB
1118,2-A-1,14.4,22,1.4,3.9,4.2,Chert,Very Good,x,Flat ,Feathered,Reanalyzed JB
1119,2-A-1,26.2,17.3,1.9,3.9,x,Chert,Very Bad,x,x,Feathered,Reanalyzed JB
1120,2-A-1,16.8,16.7,`.8,2.3,2.8,Chert,Very Good,x,Complex,x,Reanalyzed JB
1121,2-A-1,16.3,2.6,1.7,3.3,x,Chert,Intermediate,x,x,x,Reanalyzed JB
1122,2-A-1,20.5,22.7,1,1.5,x,Chert,Intermediate,x,x,x,Reanalyzed JB
1123,2-A-1,8.4,16.6,0.6,2.9,2.5,Chert,Very Good,x,Flat,x,Reanalyzed JB
1124,2-A-1,27.8,12.7,2.4,4.4,5.8,Chert,Very Good,<50%,Cortical,Stepped,Reanalyzed JB
1125,2-A-6,31,32.8,4,3.2,4.9,Chert,Intermediate,x,Flat,Feathered,Reanalyzed JB
1126,2-A-6,19.8,23.6,1.7,4.3,4.2,Chert,Very Good,x,Flat,Feathered,Reanalyzed JB
1128,6-B-4,19.9,17,1,6,6.1,Chert,Bad,x,Flat,Feathered,Reanalyzed JB
